filename,length,chroma_stft_mean,chroma_stft_var,rms_mean,rms_var,spectral_centroid_mean,spectral_centroid_var,spectral_bandwidth_mean,spectral_bandwidth_var,rolloff_mean,rolloff_var,zero_crossing_rate_mean,zero_crossing_rate_var,harmony_mean,harmony_var,perceptr_mean,perceptr_var,tempo,mfcc1_mean,mfcc1_var,mfcc2_mean,mfcc2_var,mfcc3_mean,mfcc3_var,mfcc4_mean,mfcc4_var
9420101E.wav,0.6363333463668823,0.00995980016887188,4426.346716710673,2791.6318778599625,7867.034548323675,0.3445939828228477,-265.9661560058594,-5.137083530426025,-30.04254913330078,12.570167541503906,-2.2718594074249268,1.535983920097351,-7.290708541870117,4.862712860107422,-2.319033622741699,1.8427804708480835,-2.64768123626709,4.383697032928467,-0.4299179017543793,3.689063549041748,-0.6573442220687866,5.220057964324951,2.0371663570404053,4.843175888061523,0.5589946508407593,2.8828318119049072
