filename,length,chroma_stft_mean,chroma_stft_var,rms_mean,rms_var,spectral_centroid_mean,spectral_centroid_var,spectral_bandwidth_mean,spectral_bandwidth_var,rolloff_mean,rolloff_var,zero_crossing_rate_mean,zero_crossing_rate_var,harmony_mean,harmony_var,perceptr_mean,perceptr_var,tempo,mfcc1_mean,mfcc1_var,mfcc2_mean,mfcc2_var,mfcc3_mean,mfcc3_var,mfcc4_mean,mfcc4_var
5702600Z.wav,0.6558156609535217,0.13409733772277832,905.7952765028007,1782.5939346361752,1664.1128540039062,0.010565185546875,-223.07382202148438,160.722900390625,23.913928985595703,7.805722713470459,15.148846626281738,15.82744312286377,13.891876220703125,19.464252471923828,10.2977933883667,9.172578811645508,1.7110694646835327,8.747076988220215,-2.8851027488708496,4.9393792152404785,0.7184691429138184,14.66864013671875,-3.6214003562927246,7.803323268890381,3.025660514831543,5.912263870239258
