filename,length,chroma_stft_mean,chroma_stft_var,rms_mean,rms_var,spectral_centroid_mean,spectral_centroid_var,spectral_bandwidth_mean,spectral_bandwidth_var,rolloff_mean,rolloff_var,zero_crossing_rate_mean,zero_crossing_rate_var,harmony_mean,harmony_var,perceptr_mean,perceptr_var,tempo,mfcc1_mean,mfcc1_var,mfcc2_mean,mfcc2_var,mfcc3_mean,mfcc3_var,mfcc4_mean,mfcc4_var
5801800V.wav,0.41560715436935425,0.038993969559669495,1339.5408241465275,1089.5893898800834,2511.2582502693967,0.0869346414032567,-260.0441589355469,191.1254119873047,-82.84754943847656,38.4174690246582,20.873109817504883,-24.183462142944336,18.676557540893555,-7.9111223220825195,-0.004962789826095104,6.674510955810547,-15.349897384643555,9.716254234313965,6.252500534057617,-3.929689884185791,11.68569278717041,6.208183765411377,4.488125801086426,0.8298443555831909,-1.5160892009735107,6.127499103546143
