filename,length,chroma_stft_mean,chroma_stft_var,rms_mean,rms_var,spectral_centroid_mean,spectral_centroid_var,spectral_bandwidth_mean,spectral_bandwidth_var,rolloff_mean,rolloff_var,zero_crossing_rate_mean,zero_crossing_rate_var,harmony_mean,harmony_var,perceptr_mean,perceptr_var,tempo,mfcc1_mean,mfcc1_var,mfcc2_mean,mfcc2_var,mfcc3_mean,mfcc3_var,mfcc4_mean,mfcc4_var
9420102E.wav,0.5867388248443604,0.021259251981973648,5010.279689910444,2976.6873305718714,8545.0927734375,0.3582356770833333,-208.91477966308594,-3.1665539741516113,-1.0958961248397827,15.22521686553955,-1.4529203176498413,4.023310661315918,-0.13962259888648987,3.6687636375427246,-1.3148638010025024,5.704563140869141,-1.8509278297424316,1.784351110458374,-2.948345422744751,0.6694189310073853,-7.6680731773376465,1.5928254127502441,-1.222701907157898,2.204986572265625,-0.4829971194267273,0.49133309721946716
